
insert into SysRight(ID,RightName,DisplayName,ParentCode,LevelCount,IsMenu,IsSysManage,MenuUrl,SubSystem,IsControl,IsTableControl,IsJsControl,ActionType,Pic,SortNo,IsAvailable,IsDel,AddBy,AddDate,UpdateBy,UpdateDate) values (N'ActivityAdd',N'新增活动',N'新增',N'ActivityList',3,0,0,N'ActivityAdd',N'btn-info',1,0,0,N'Add',N'fa-edit',10,1,0,N'bruce',N'2016-05-26 10:50:40.737',N'bruce',N'2016-05-26 10:50:40.737');
insert into SysRight(ID,RightName,DisplayName,ParentCode,LevelCount,IsMenu,IsSysManage,MenuUrl,SubSystem,IsControl,IsTableControl,IsJsControl,ActionType,Pic,SortNo,IsAvailable,IsDel,AddBy,AddDate,UpdateBy,UpdateDate) values (N'ActivityApplyList',N'查看报名人数',N'查看报名人数',N'ActivityList',3,0,0,N'/CoActivity/ActivityApplyList',N'btn-info',0,1,0,N'Add',N'fa-search',20,1,0,N'bruce',N'2016-05-26 10:50:40.737',N'bruce',N'2016-05-26 10:50:40.737');
insert into SysRight(ID,RightName,DisplayName,ParentCode,LevelCount,IsMenu,IsSysManage,MenuUrl,SubSystem,IsControl,IsTableControl,IsJsControl,ActionType,Pic,SortNo,IsAvailable,IsDel,AddBy,AddDate,UpdateBy,UpdateDate) values (N'ActivityDelete',N'删除活动',N'删除',N'ActivityList',3,0,0,N'ActivityDelete',N'btn-danger',0,1,0,N'Publish',N'fa-trash',25,1,0,N'bruce',N'2016-05-26 10:50:40.737',N'bruce',N'2016-05-26 10:50:40.737');
insert into SysRight(ID,RightName,DisplayName,ParentCode,LevelCount,IsMenu,IsSysManage,MenuUrl,SubSystem,IsControl,IsTableControl,IsJsControl,ActionType,Pic,SortNo,IsAvailable,IsDel,AddBy,AddDate,UpdateBy,UpdateDate) values (N'ActivityEdit',N'编辑活动',N'编辑',N'ActivityList',3,0,0,N'ActivityEdit',N'btn-info',0,1,0,N'Edit',N'fa-edit',10,1,0,N'bruce',N'2016-05-26 10:50:40.737',N'bruce',N'2016-05-26 10:50:40.737');
insert into SysRight(ID,RightName,DisplayName,ParentCode,LevelCount,IsMenu,IsSysManage,MenuUrl,SubSystem,IsControl,IsTableControl,IsJsControl,ActionType,Pic,SortNo,IsAvailable,IsDel,AddBy,AddDate,UpdateBy,UpdateDate) values (N'ActivityList',N'活动数据',N'活动数据',N'BaseData',2,1,1,N'/CoActivity/ActivityList',N'navy-bg',0,0,0,N'View',N'glyphicon-flag',16,1,0,N'bruce',N'2016-05-25 19:07:18.550',N'bruce',N'2016-05-25 19:07:18.550');
insert into SysRight(ID,RightName,DisplayName,ParentCode,LevelCount,IsMenu,IsSysManage,MenuUrl,SubSystem,IsControl,IsTableControl,IsJsControl,ActionType,Pic,SortNo,IsAvailable,IsDel,AddBy,AddDate,UpdateBy,UpdateDate) values (N'AdAdd',N'新增广告',N'新增',N'AdList',3,0,0,N'ActivityAdd',N'btn-info',1,0,0,N'Add',N'fa-edit',10,1,0,N'bruce',N'2016-05-26 10:50:40.737',N'bruce',N'2016-05-26 10:50:40.737');
insert into SysRight(ID,RightName,DisplayName,ParentCode,LevelCount,IsMenu,IsSysManage,MenuUrl,SubSystem,IsControl,IsTableControl,IsJsControl,ActionType,Pic,SortNo,IsAvailable,IsDel,AddBy,AddDate,UpdateBy,UpdateDate) values (N'AdDelete',N'删除广告',N'删除',N'AdList',3,0,0,N'ActivityDelete',N'btn-danger',0,1,0,N'Publish',N'fa-trash',25,1,0,N'bruce',N'2016-05-26 10:50:40.737',N'bruce',N'2016-05-26 10:50:40.737');
insert into SysRight(ID,RightName,DisplayName,ParentCode,LevelCount,IsMenu,IsSysManage,MenuUrl,SubSystem,IsControl,IsTableControl,IsJsControl,ActionType,Pic,SortNo,IsAvailable,IsDel,AddBy,AddDate,UpdateBy,UpdateDate) values (N'AdEdit',N'编辑广告',N'编辑',N'AdList',3,0,0,N'ActivityEdit',N'btn-info',0,1,0,N'Edit',N'fa-edit',10,1,0,N'bruce',N'2016-05-26 10:50:40.737',N'bruce',N'2016-05-26 10:50:40.737');
insert into SysRight(ID,RightName,DisplayName,ParentCode,LevelCount,IsMenu,IsSysManage,MenuUrl,SubSystem,IsControl,IsTableControl,IsJsControl,ActionType,Pic,SortNo,IsAvailable,IsDel,AddBy,AddDate,UpdateBy,UpdateDate) values (N'AdList',N'广告管理',N'广告管理',N'BaseData',2,1,1,N'/Ad/AdList',N'navy-bg',0,0,0,N'View',N'glyphicon-flag',18,1,0,N'bruce',N'2016-05-25 19:07:18.550',N'bruce',N'2016-05-25 19:07:18.550');
insert into SysRight(ID,RightName,DisplayName,ParentCode,LevelCount,IsMenu,IsSysManage,MenuUrl,SubSystem,IsControl,IsTableControl,IsJsControl,ActionType,Pic,SortNo,IsAvailable,IsDel,AddBy,AddDate,UpdateBy,UpdateDate) values (N'APPInfo',N'APP资讯',N'APP资讯',N'BaseData',2,1,1,N'/Base/APPInfo',N'navy-bg',0,0,0,N'View',N'glyphicon-envelope',16,1,0,N'bruce',N'2016-05-25 19:07:18.550',N'bruce',N'2016-05-25 19:07:18.550');
insert into SysRight(ID,RightName,DisplayName,ParentCode,LevelCount,IsMenu,IsSysManage,MenuUrl,SubSystem,IsControl,IsTableControl,IsJsControl,ActionType,Pic,SortNo,IsAvailable,IsDel,AddBy,AddDate,UpdateBy,UpdateDate) values (N'APPInfoAdd',N'新增APP资讯',N'新增',N'APPInfo',3,0,0,N'APPInfoAdd',N'btn-info',1,0,0,N'Add',N'fa-edit',10,1,0,N'bruce',N'2016-05-26 10:50:40.737',N'bruce',N'2016-05-26 10:50:40.737');
insert into SysRight(ID,RightName,DisplayName,ParentCode,LevelCount,IsMenu,IsSysManage,MenuUrl,SubSystem,IsControl,IsTableControl,IsJsControl,ActionType,Pic,SortNo,IsAvailable,IsDel,AddBy,AddDate,UpdateBy,UpdateDate) values (N'AppInfoDelete',N'删除APP资讯',N'删除',N'APPInfo',3,0,0,N'AppInfoDelete',N'btn-danger',0,1,0,N'Delete',N'fa-trash',40,1,0,N'bruce',N'2016-05-26 10:50:40.737',N'bruce',N'2016-05-26 10:50:40.737');
insert into SysRight(ID,RightName,DisplayName,ParentCode,LevelCount,IsMenu,IsSysManage,MenuUrl,SubSystem,IsControl,IsTableControl,IsJsControl,ActionType,Pic,SortNo,IsAvailable,IsDel,AddBy,AddDate,UpdateBy,UpdateDate) values (N'APPInfoEdit',N'编辑APP资讯',N'编辑',N'APPInfo',3,0,0,N'APPInfoEdit',N'btn-info',0,1,0,N'Edit',N'fa-edit',20,1,0,N'bruce',N'2016-05-26 10:50:40.737',N'bruce',N'2016-05-26 10:50:40.737');
insert into SysRight(ID,RightName,DisplayName,ParentCode,LevelCount,IsMenu,IsSysManage,MenuUrl,SubSystem,IsControl,IsTableControl,IsJsControl,ActionType,Pic,SortNo,IsAvailable,IsDel,AddBy,AddDate,UpdateBy,UpdateDate) values (N'APPInfoStartStop',N'停用',N'停用',N'APPInfo',3,0,0,N'/Base/APPInfoEdit',N'btn-warning',0,1,0,N'Add',N'fa-trash',30,1,0,N'bruce',N'2016-06-01 16:40:06.700',N'bruce',N'2016-06-01 16:40:06.700');
insert into SysRight(ID,RightName,DisplayName,ParentCode,LevelCount,IsMenu,IsSysManage,MenuUrl,SubSystem,IsControl,IsTableControl,IsJsControl,ActionType,Pic,SortNo,IsAvailable,IsDel,AddBy,AddDate,UpdateBy,UpdateDate) values (N'AppVersionAdd',N'新增版本',N'新增',N'AppVersionList',3,0,0,N'AppVersionAdd',N'btn-info',1,0,0,N'Add',N'fa-edit',10,1,0,N'bruce',N'2016-05-26 10:50:40.737',N'bruce',N'2016-05-26 10:50:40.737');
insert into SysRight(ID,RightName,DisplayName,ParentCode,LevelCount,IsMenu,IsSysManage,MenuUrl,SubSystem,IsControl,IsTableControl,IsJsControl,ActionType,Pic,SortNo,IsAvailable,IsDel,AddBy,AddDate,UpdateBy,UpdateDate) values (N'AppVersionDelete',N'删除版本',N'删除',N'AppVersionList',3,0,0,N'AppVersionDelete',N'btn-danger',0,1,0,N'Publish',N'fa-trash',25,1,0,N'bruce',N'2016-05-26 10:50:40.737',N'bruce',N'2016-05-26 10:50:40.737');
insert into SysRight(ID,RightName,DisplayName,ParentCode,LevelCount,IsMenu,IsSysManage,MenuUrl,SubSystem,IsControl,IsTableControl,IsJsControl,ActionType,Pic,SortNo,IsAvailable,IsDel,AddBy,AddDate,UpdateBy,UpdateDate) values (N'AppVersionEdit',N'编辑版本',N'编辑',N'AppVersionList',3,0,0,N'AppVersionEdit',N'btn-info',0,1,0,N'Edit',N'fa-edit',10,1,0,N'bruce',N'2016-05-26 10:50:40.737',N'bruce',N'2016-05-26 10:50:40.737');
insert into SysRight(ID,RightName,DisplayName,ParentCode,LevelCount,IsMenu,IsSysManage,MenuUrl,SubSystem,IsControl,IsTableControl,IsJsControl,ActionType,Pic,SortNo,IsAvailable,IsDel,AddBy,AddDate,UpdateBy,UpdateDate) values (N'AppVersionList',N'版本管理',N'版本管理',N'BaseData',2,1,1,N'/AppVersion/AppVersionList',N'navy-bg',0,0,0,N'View',N'glyphicon-flag',20,1,0,N'bruce',N'2016-05-25 19:07:18.550',N'bruce',N'2016-05-25 19:07:18.550');
insert into SysRight(ID,RightName,DisplayName,ParentCode,LevelCount,IsMenu,IsSysManage,MenuUrl,SubSystem,IsControl,IsTableControl,IsJsControl,ActionType,Pic,SortNo,IsAvailable,IsDel,AddBy,AddDate,UpdateBy,UpdateDate) values (N'BaseData',N'基础数据',N'基础数据',N'root',1,1,0,N'#',NULL,0,0,0,N'View',N'fa-database',40,1,0,N'bruce',N'2016-05-25 19:07:18.550',N'bruce',N'2016-05-25 19:07:18.550');
insert into SysRight(ID,RightName,DisplayName,ParentCode,LevelCount,IsMenu,IsSysManage,MenuUrl,SubSystem,IsControl,IsTableControl,IsJsControl,ActionType,Pic,SortNo,IsAvailable,IsDel,AddBy,AddDate,UpdateBy,UpdateDate) values (N'ChatList',N'专员聊天',N'专员聊天',N'DatingList',2,1,1,N'/Chat/ChatList',N'lazur-bg',0,0,0,N'View',N'glyphicon-comment',14,1,0,N'bruce',N'2016-05-25 12:29:55.570',N'bruce',N'2016-05-25 12:29:55.570');
insert into SysRight(ID,RightName,DisplayName,ParentCode,LevelCount,IsMenu,IsSysManage,MenuUrl,SubSystem,IsControl,IsTableControl,IsJsControl,ActionType,Pic,SortNo,IsAvailable,IsDel,AddBy,AddDate,UpdateBy,UpdateDate) values (N'CropperPhoto',N'图片裁剪',N'图片裁剪',N'PhotoList',3,0,0,N'/Photo/CropperPhoto',N'',1,0,0,N'Edit',N'',15,1,0,N'bruce',N'2016-05-26 10:50:40.737',N'bruce',N'2016-05-26 10:50:40.737');
insert into SysRight(ID,RightName,DisplayName,ParentCode,LevelCount,IsMenu,IsSysManage,MenuUrl,SubSystem,IsControl,IsTableControl,IsJsControl,ActionType,Pic,SortNo,IsAvailable,IsDel,AddBy,AddDate,UpdateBy,UpdateDate) values (N'DatingList',N'约会管理',N'约会管理',N'root',1,1,0,N'#',NULL,0,0,0,N'View',N'fa-heart',10,1,0,N'bruce',N'2016-05-25 12:23:26.630',N'bruce',N'2016-05-25 12:23:26.630');
insert into SysRight(ID,RightName,DisplayName,ParentCode,LevelCount,IsMenu,IsSysManage,MenuUrl,SubSystem,IsControl,IsTableControl,IsJsControl,ActionType,Pic,SortNo,IsAvailable,IsDel,AddBy,AddDate,UpdateBy,UpdateDate) values (N'DatingRecord',N'普通约会',N'普通约会',N'DatingList',2,1,1,N'/Base/DatingRecord',N'lazur-bg',0,0,0,N'View',N'glyphicon-heart',12,1,0,N'bruce',N'2016-05-25 12:23:26.630',N'bruce',N'2016-05-25 12:23:26.630');
insert into SysRight(ID,RightName,DisplayName,ParentCode,LevelCount,IsMenu,IsSysManage,MenuUrl,SubSystem,IsControl,IsTableControl,IsJsControl,ActionType,Pic,SortNo,IsAvailable,IsDel,AddBy,AddDate,UpdateBy,UpdateDate) values (N'DatingRestaurant',N'餐厅数据',N'餐厅数据',N'BaseData',2,1,1,N'/Base/DatingRestaurant',N'navy-bg',0,0,0,N'View',N'glyphicon-signal',16,1,0,N'bruce',N'2016-05-25 19:07:18.550',N'bruce',N'2016-05-25 19:07:18.550');
insert into SysRight(ID,RightName,DisplayName,ParentCode,LevelCount,IsMenu,IsSysManage,MenuUrl,SubSystem,IsControl,IsTableControl,IsJsControl,ActionType,Pic,SortNo,IsAvailable,IsDel,AddBy,AddDate,UpdateBy,UpdateDate) values (N'IDPhotoApproved',N'保存审批结果',N'保存审批结果',N'IDPhotoList',3,0,0,N'IDPhotoApproved',N'btn-success',1,0,0,N'Publish',N'fa-play',15,1,0,N'bruce',N'2013-07-05 15:31:42.137',N'bruce',N'2013-07-05 15:31:42.137');
insert into SysRight(ID,RightName,DisplayName,ParentCode,LevelCount,IsMenu,IsSysManage,MenuUrl,SubSystem,IsControl,IsTableControl,IsJsControl,ActionType,Pic,SortNo,IsAvailable,IsDel,AddBy,AddDate,UpdateBy,UpdateDate) values (N'IDPhotoList',N'身份审核',N'身份审核',N'MemberList',2,1,1,N'/Photo/IDPhotoList',N'blue-bg',0,0,0,N'View',N'glyphicon-credit-card',16,1,0,N'bruce',N'2016-05-25 18:05:19.980',N'bruce',N'2016-05-25 18:05:19.980');
insert into SysRight(ID,RightName,DisplayName,ParentCode,LevelCount,IsMenu,IsSysManage,MenuUrl,SubSystem,IsControl,IsTableControl,IsJsControl,ActionType,Pic,SortNo,IsAvailable,IsDel,AddBy,AddDate,UpdateBy,UpdateDate) values (N'MemberDocument',N'会员档案',N'会员档案',N'MemberManage',3,0,0,N'/Base/MemberDocument',N'',1,0,0,N'Edit',N'',15,1,0,N'bruce',N'2016-05-26 10:50:40.737',N'bruce',N'2016-05-26 10:50:40.737');
insert into SysRight(ID,RightName,DisplayName,ParentCode,LevelCount,IsMenu,IsSysManage,MenuUrl,SubSystem,IsControl,IsTableControl,IsJsControl,ActionType,Pic,SortNo,IsAvailable,IsDel,AddBy,AddDate,UpdateBy,UpdateDate) values (N'MemberList',N'会员管理',N'会员管理',N'root',1,1,0,N'#',NULL,0,0,0,N'View',N'fa-user',20,1,0,N'bruce',N'2016-05-25 18:05:19.980',N'bruce',N'2016-05-25 18:05:19.980');
insert into SysRight(ID,RightName,DisplayName,ParentCode,LevelCount,IsMenu,IsSysManage,MenuUrl,SubSystem,IsControl,IsTableControl,IsJsControl,ActionType,Pic,SortNo,IsAvailable,IsDel,AddBy,AddDate,UpdateBy,UpdateDate) values (N'MemberManage',N'会员审核',N'会员审核',N'MemberList',2,1,1,N'/Base/MemberManage',N'blue-bg',0,0,0,N'View',N'glyphicon-check',12,1,0,N'bruce',N'2016-05-25 18:05:19.980',N'bruce',N'2016-05-25 18:05:19.980');
insert into SysRight(ID,RightName,DisplayName,ParentCode,LevelCount,IsMenu,IsSysManage,MenuUrl,SubSystem,IsControl,IsTableControl,IsJsControl,ActionType,Pic,SortNo,IsAvailable,IsDel,AddBy,AddDate,UpdateBy,UpdateDate) values (N'MemberSelfIntroduction',N'自我介绍审核',N'自我介绍审核',N'MemberList',2,1,1,N'/Base/MemberSelfIntroduction',N'blue-bg',0,0,0,N'View',N'glyphicon-check',18,1,0,N'bruce',N'2016-05-25 18:05:19.980',N'bruce',N'2016-05-25 18:05:19.980');
insert into SysRight(ID,RightName,DisplayName,ParentCode,LevelCount,IsMenu,IsSysManage,MenuUrl,SubSystem,IsControl,IsTableControl,IsJsControl,ActionType,Pic,SortNo,IsAvailable,IsDel,AddBy,AddDate,UpdateBy,UpdateDate) values (N'NewsReview',N'消息管理',N'消息管理',N'MemberList',2,1,1,N'/Message/NewsReview',N'blue-bg',0,0,0,N'View',N'glyphicon-comment',20,1,0,N'bruce',N'2016-05-25 18:05:19.980',N'bruce',N'2016-05-25 18:05:19.980');
insert into SysRight(ID,RightName,DisplayName,ParentCode,LevelCount,IsMenu,IsSysManage,MenuUrl,SubSystem,IsControl,IsTableControl,IsJsControl,ActionType,Pic,SortNo,IsAvailable,IsDel,AddBy,AddDate,UpdateBy,UpdateDate) values (N'NoPayList',N'未完成支付',N'未完成支付',N'Pay',2,1,1,N'/Pay/NoPayList',N'red-bg',0,0,0,N'View',N'glyphicon-hourglass',16,1,0,N'bruce',N'2016-05-25 18:58:34.890',N'bruce',N'2016-05-25 18:58:34.890');
insert into SysRight(ID,RightName,DisplayName,ParentCode,LevelCount,IsMenu,IsSysManage,MenuUrl,SubSystem,IsControl,IsTableControl,IsJsControl,ActionType,Pic,SortNo,IsAvailable,IsDel,AddBy,AddDate,UpdateBy,UpdateDate) values (N'Pay',N'支付管理',N'支付管理',N'root',1,1,0,N'#',NULL,0,0,0,N'View',N'fa-paypal',30,1,0,N'bruce',N'2016-05-25 18:58:34.887',N'bruce',N'2016-05-25 18:58:34.887');
insert into SysRight(ID,RightName,DisplayName,ParentCode,LevelCount,IsMenu,IsSysManage,MenuUrl,SubSystem,IsControl,IsTableControl,IsJsControl,ActionType,Pic,SortNo,IsAvailable,IsDel,AddBy,AddDate,UpdateBy,UpdateDate) values (N'PayList',N'支付历史',N'支付历史',N'Pay',2,1,1,N'/Pay/PayList',N'red-bg',0,0,0,N'View',N'glyphicon-time',14,1,0,N'bruce',N'2016-05-25 18:58:34.890',N'bruce',N'2016-05-25 18:58:34.890');
insert into SysRight(ID,RightName,DisplayName,ParentCode,LevelCount,IsMenu,IsSysManage,MenuUrl,SubSystem,IsControl,IsTableControl,IsJsControl,ActionType,Pic,SortNo,IsAvailable,IsDel,AddBy,AddDate,UpdateBy,UpdateDate) values (N'PhotoApproved',N'保存审批结果',N'保存审批结果',N'PhotoList',3,0,0,N'PhotoApproved',N'btn-success',1,0,0,N'Publish',N'fa-play',10,1,0,N'bruce',N'2013-07-05 15:31:42.137',N'bruce',N'2013-07-05 15:31:42.137');
insert into SysRight(ID,RightName,DisplayName,ParentCode,LevelCount,IsMenu,IsSysManage,MenuUrl,SubSystem,IsControl,IsTableControl,IsJsControl,ActionType,Pic,SortNo,IsAvailable,IsDel,AddBy,AddDate,UpdateBy,UpdateDate) values (N'PhotoList',N'图片审核',N'图片审核',N'MemberList',2,1,1,N'/Photo/PhotoList',N'blue-bg',0,0,0,N'View',N'glyphicon-picture',14,1,0,N'bruce',N'2016-05-25 18:05:19.980',N'bruce',N'2016-05-25 18:05:19.980');
insert into SysRight(ID,RightName,DisplayName,ParentCode,LevelCount,IsMenu,IsSysManage,MenuUrl,SubSystem,IsControl,IsTableControl,IsJsControl,ActionType,Pic,SortNo,IsAvailable,IsDel,AddBy,AddDate,UpdateBy,UpdateDate) values (N'RestaurantAdd',N'新增约会餐厅',N'新增约会餐厅',N'DatingRestaurant',3,0,0,N'RestaurantAdd',N'btn-info',1,0,0,N'Add',N'fa-edit',10,1,0,N'bruce',N'2016-05-26 10:50:40.737',N'bruce',N'2016-05-26 10:50:40.737');
insert into SysRight(ID,RightName,DisplayName,ParentCode,LevelCount,IsMenu,IsSysManage,MenuUrl,SubSystem,IsControl,IsTableControl,IsJsControl,ActionType,Pic,SortNo,IsAvailable,IsDel,AddBy,AddDate,UpdateBy,UpdateDate) values (N'RestaurantDelete',N'删除约会餐厅',N'删除',N'DatingRestaurant',3,0,0,N'RestaurantDelete',N'btn-danger',0,1,0,N'Delete',N'fa-trash',40,1,0,N'bruce',N'2016-05-26 10:50:40.737',N'bruce',N'2016-05-26 10:50:40.737');
insert into SysRight(ID,RightName,DisplayName,ParentCode,LevelCount,IsMenu,IsSysManage,MenuUrl,SubSystem,IsControl,IsTableControl,IsJsControl,ActionType,Pic,SortNo,IsAvailable,IsDel,AddBy,AddDate,UpdateBy,UpdateDate) values (N'RestaurantEdit',N'编辑约会餐厅',N'编辑',N'DatingRestaurant',3,0,0,N'RestaurantEdit',N'btn-info',0,1,0,N'Edit',N'fa-edit',20,1,0,N'bruce',N'2016-05-26 10:50:40.737',N'bruce',N'2016-05-26 10:50:40.737');
insert into SysRight(ID,RightName,DisplayName,ParentCode,LevelCount,IsMenu,IsSysManage,MenuUrl,SubSystem,IsControl,IsTableControl,IsJsControl,ActionType,Pic,SortNo,IsAvailable,IsDel,AddBy,AddDate,UpdateBy,UpdateDate) values (N'RoleAdd',N'新增角色',N'新增',N'RoleList',3,0,0,N'RoleAdd',N'btn-info',1,0,0,N'Add',N'fa-edit',10,1,0,N'bruce',N'2016-05-26 10:50:40.737',N'bruce',N'2016-05-26 10:50:40.737');
insert into SysRight(ID,RightName,DisplayName,ParentCode,LevelCount,IsMenu,IsSysManage,MenuUrl,SubSystem,IsControl,IsTableControl,IsJsControl,ActionType,Pic,SortNo,IsAvailable,IsDel,AddBy,AddDate,UpdateBy,UpdateDate) values (N'RoleDel',N'删除角色',N'删除',N'RoleList',3,0,0,N'RoleDel',N'btn-danger',0,1,0,N'Delete',N'fa-trash',40,1,0,N'bruce',N'2016-05-26 10:50:40.737',N'bruce',N'2016-05-26 10:50:40.737');
insert into SysRight(ID,RightName,DisplayName,ParentCode,LevelCount,IsMenu,IsSysManage,MenuUrl,SubSystem,IsControl,IsTableControl,IsJsControl,ActionType,Pic,SortNo,IsAvailable,IsDel,AddBy,AddDate,UpdateBy,UpdateDate) values (N'RoleEdit',N'编辑角色',N'编辑',N'RoleList',3,0,0,N'RoleEdit',N'btn-info',0,1,0,N'Edit',N'fa-edit',30,1,0,N'bruce',N'2016-05-26 10:50:40.737',N'bruce',N'2016-05-26 10:50:40.737');
insert into SysRight(ID,RightName,DisplayName,ParentCode,LevelCount,IsMenu,IsSysManage,MenuUrl,SubSystem,IsControl,IsTableControl,IsJsControl,ActionType,Pic,SortNo,IsAvailable,IsDel,AddBy,AddDate,UpdateBy,UpdateDate) values (N'RoleList',N'角色管理',N'角色管理',N'Sys',2,1,1,N'/Sys/RoleList',N'yellow-bg',0,0,0,N'View',N'glyphicon-stats',10,1,0,N'bruce',N'2016-05-26 10:50:40.737',N'bruce',N'2016-05-26 10:50:40.737');
insert into SysRight(ID,RightName,DisplayName,ParentCode,LevelCount,IsMenu,IsSysManage,MenuUrl,SubSystem,IsControl,IsTableControl,IsJsControl,ActionType,Pic,SortNo,IsAvailable,IsDel,AddBy,AddDate,UpdateBy,UpdateDate) values (N'RoleSetup',N'权限设置',N'权限设置',N'RoleList',3,0,0,N'RoleRightsSetting',N'btn-warning',0,1,0,N'Setting',N'fa-gear',20,1,0,N'bruce',N'2016-05-26 10:50:40.737',N'bruce',N'2016-05-26 10:50:40.737');
insert into SysRight(ID,RightName,DisplayName,ParentCode,LevelCount,IsMenu,IsSysManage,MenuUrl,SubSystem,IsControl,IsTableControl,IsJsControl,ActionType,Pic,SortNo,IsAvailable,IsDel,AddBy,AddDate,UpdateBy,UpdateDate) values (N'SelfIntroductionApproved',N'审批通过',N'审批通过',N'MemberSelfIntroduction',3,0,0,N'SelfIntroductionApproved',N'btn-success',1,0,0,N'Publish',N'fa-play',10,1,0,N'bruce',N'2013-07-05 15:31:42.137',N'bruce',N'2013-07-05 15:31:42.137');
insert into SysRight(ID,RightName,DisplayName,ParentCode,LevelCount,IsMenu,IsSysManage,MenuUrl,SubSystem,IsControl,IsTableControl,IsJsControl,ActionType,Pic,SortNo,IsAvailable,IsDel,AddBy,AddDate,UpdateBy,UpdateDate) values (N'SelfIntroductionUnApproved',N'审批不通过',N'审批不通过',N'MemberSelfIntroduction',3,0,0,N'SelfIntroductionUnApproved',N'btn-warning',1,0,0,N'Publish',N'fa-play',15,1,0,N'bruce',N'2013-07-05 15:31:42.137',N'bruce',N'2013-07-05 15:31:42.137');
insert into SysRight(ID,RightName,DisplayName,ParentCode,LevelCount,IsMenu,IsSysManage,MenuUrl,SubSystem,IsControl,IsTableControl,IsJsControl,ActionType,Pic,SortNo,IsAvailable,IsDel,AddBy,AddDate,UpdateBy,UpdateDate) values (N'SetAdd',N'新增数据字典',N'新增',N'SetList',3,0,0,N'SetAdd',N'btn-info',1,0,0,N'Add',N'fa-edit',10,1,0,N'bruce',N'2016-05-26 10:50:40.737',N'bruce',N'2016-05-26 10:50:40.737');
insert into SysRight(ID,RightName,DisplayName,ParentCode,LevelCount,IsMenu,IsSysManage,MenuUrl,SubSystem,IsControl,IsTableControl,IsJsControl,ActionType,Pic,SortNo,IsAvailable,IsDel,AddBy,AddDate,UpdateBy,UpdateDate) values (N'SetDelete',N'删除数据字典',N'删除',N'SetList',3,0,0,N'SetDelete',N'btn-danger',0,1,0,N'Delete',N'fa-trash',40,1,0,N'bruce',N'2016-05-26 10:50:40.737',N'bruce',N'2016-05-26 10:50:40.737');
insert into SysRight(ID,RightName,DisplayName,ParentCode,LevelCount,IsMenu,IsSysManage,MenuUrl,SubSystem,IsControl,IsTableControl,IsJsControl,ActionType,Pic,SortNo,IsAvailable,IsDel,AddBy,AddDate,UpdateBy,UpdateDate) values (N'SetDtl',N'字典明细',N'字典明细',N'BaseData',2,1,1,N'/BaseData/SetDtl',N'navy-bg',0,0,0,N'View',N'glyphicon-stats',14,1,0,N'bruce',N'2016-05-25 19:07:18.550',N'bruce',N'2016-05-25 19:07:18.550');
insert into SysRight(ID,RightName,DisplayName,ParentCode,LevelCount,IsMenu,IsSysManage,MenuUrl,SubSystem,IsControl,IsTableControl,IsJsControl,ActionType,Pic,SortNo,IsAvailable,IsDel,AddBy,AddDate,UpdateBy,UpdateDate) values (N'SetDtlAdd',N'新增字典明细',N'新增',N'SetDtl',3,0,0,N'SetDtlAdd',N'btn-info',1,0,0,N'Add',N'fa-edit',10,1,0,N'bruce',N'2016-05-26 10:50:40.737',N'bruce',N'2016-05-26 10:50:40.737');
insert into SysRight(ID,RightName,DisplayName,ParentCode,LevelCount,IsMenu,IsSysManage,MenuUrl,SubSystem,IsControl,IsTableControl,IsJsControl,ActionType,Pic,SortNo,IsAvailable,IsDel,AddBy,AddDate,UpdateBy,UpdateDate) values (N'SetDtlDelete',N'删除字典明细',N'删除',N'SetDtl',3,0,0,N'SetDtlDelete',N'btn-danger',0,1,0,N'Delete',N'fa-trash',40,1,0,N'bruce',N'2016-05-26 10:50:40.737',N'bruce',N'2016-05-26 10:50:40.737');
insert into SysRight(ID,RightName,DisplayName,ParentCode,LevelCount,IsMenu,IsSysManage,MenuUrl,SubSystem,IsControl,IsTableControl,IsJsControl,ActionType,Pic,SortNo,IsAvailable,IsDel,AddBy,AddDate,UpdateBy,UpdateDate) values (N'SetDtlEdit',N'编辑字典明细',N'编辑',N'SetDtl',3,0,0,N'SetDtlEdit',N'btn-info',0,1,0,N'Edit',N'fa-edit',20,1,0,N'bruce',N'2016-05-26 10:50:40.737',N'bruce',N'2016-05-26 10:50:40.737');
insert into SysRight(ID,RightName,DisplayName,ParentCode,LevelCount,IsMenu,IsSysManage,MenuUrl,SubSystem,IsControl,IsTableControl,IsJsControl,ActionType,Pic,SortNo,IsAvailable,IsDel,AddBy,AddDate,UpdateBy,UpdateDate) values (N'SetDtlRealDelete',N'彻底删除字典明细',N'彻底删除',N'SetDtl',3,0,0,N'SetDtlDelete',N'btn-danger',0,1,0,N'Delete',N'fa-trash',40,1,0,N'bruce',N'2016-05-26 10:50:40.737',N'bruce',N'2016-05-26 10:50:40.737');
insert into SysRight(ID,RightName,DisplayName,ParentCode,LevelCount,IsMenu,IsSysManage,MenuUrl,SubSystem,IsControl,IsTableControl,IsJsControl,ActionType,Pic,SortNo,IsAvailable,IsDel,AddBy,AddDate,UpdateBy,UpdateDate) values (N'SetEdit',N'编辑数据字典',N'编辑',N'SetList',3,0,0,N'SetEdit',N'btn-info',0,1,0,N'Edit',N'fa-edit',20,1,0,N'bruce',N'2016-05-26 10:50:40.737',N'bruce',N'2016-05-26 10:50:40.737');
insert into SysRight(ID,RightName,DisplayName,ParentCode,LevelCount,IsMenu,IsSysManage,MenuUrl,SubSystem,IsControl,IsTableControl,IsJsControl,ActionType,Pic,SortNo,IsAvailable,IsDel,AddBy,AddDate,UpdateBy,UpdateDate) values (N'SetList',N'数据字典',N'数据字典',N'BaseData',2,1,1,N'/BaseData/SetList',N'navy-bg',0,0,0,N'View',N'glyphicon-stats',12,1,0,N'bruce',N'2016-05-25 19:07:18.550',N'bruce',N'2016-05-25 19:07:18.550');
insert into SysRight(ID,RightName,DisplayName,ParentCode,LevelCount,IsMenu,IsSysManage,MenuUrl,SubSystem,IsControl,IsTableControl,IsJsControl,ActionType,Pic,SortNo,IsAvailable,IsDel,AddBy,AddDate,UpdateBy,UpdateDate) values (N'Statistic',N'统计分析',N'统计分析',N'root',1,1,0,N'#',NULL,0,0,0,N'View',N'fa-bar-chart-o',50,1,0,N'bruce',N'2016-05-26 10:22:48.690',N'bruce',N'2016-05-26 10:22:48.690');
insert into SysRight(ID,RightName,DisplayName,ParentCode,LevelCount,IsMenu,IsSysManage,MenuUrl,SubSystem,IsControl,IsTableControl,IsJsControl,ActionType,Pic,SortNo,IsAvailable,IsDel,AddBy,AddDate,UpdateBy,UpdateDate) values (N'Statisticalinfor',N'统计信息',N'统计信息',N'Statistic',2,1,1,N'/Statisticalinfor/Statisticalinfor',N'blue-bg',0,0,0,N'View',N'fa fa-bar-chart-o',12,1,0,N'bruce',N'2016-05-26 10:22:48.690',N'bruce',N'2016-05-26 10:22:48.690');
insert into SysRight(ID,RightName,DisplayName,ParentCode,LevelCount,IsMenu,IsSysManage,MenuUrl,SubSystem,IsControl,IsTableControl,IsJsControl,ActionType,Pic,SortNo,IsAvailable,IsDel,AddBy,AddDate,UpdateBy,UpdateDate) values (N'SuggestList',N'用户意见',N'用户意见',N'MemberList',2,1,1,N'/Suggest/SuggestList',N'blue-bg',0,0,0,N'View',N'glyphicon-envelope',24,1,0,N'bruce',N'2016-05-25 18:05:19.983',N'bruce',N'2016-05-25 18:05:19.983');
insert into SysRight(ID,RightName,DisplayName,ParentCode,LevelCount,IsMenu,IsSysManage,MenuUrl,SubSystem,IsControl,IsTableControl,IsJsControl,ActionType,Pic,SortNo,IsAvailable,IsDel,AddBy,AddDate,UpdateBy,UpdateDate) values (N'Sys',N'系统管理',N'系统管理',N'root',1,1,0,N'#',NULL,0,0,0,N'View',N'fa-gear',50,1,0,N'bruce',N'2016-05-26 10:51:17.053',N'bruce',N'2016-05-26 10:51:17.053');
insert into SysRight(ID,RightName,DisplayName,ParentCode,LevelCount,IsMenu,IsSysManage,MenuUrl,SubSystem,IsControl,IsTableControl,IsJsControl,ActionType,Pic,SortNo,IsAvailable,IsDel,AddBy,AddDate,UpdateBy,UpdateDate) values (N'SysRightEdit',N'权限编辑',N'编辑',N'SysRightList',3,0,0,N'SysRightEdit',N'',1,0,0,N'Edit',N'',10,1,0,N'',N'2013-02-22 11:41:34.847',N'',N'2013-02-22 11:41:34.847');
insert into SysRight(ID,RightName,DisplayName,ParentCode,LevelCount,IsMenu,IsSysManage,MenuUrl,SubSystem,IsControl,IsTableControl,IsJsControl,ActionType,Pic,SortNo,IsAvailable,IsDel,AddBy,AddDate,UpdateBy,UpdateDate) values (N'SysRightList',N'权限控制',N'权限控制',N'Sys',2,1,1,N'/Sys/SysRightList',N'yellow-bg',0,0,0,N'View',N'glyphicon-stats',30,1,0,N'',N'2013-02-22 11:41:34.847',N'',N'2013-02-22 11:41:34.847');
insert into SysRight(ID,RightName,DisplayName,ParentCode,LevelCount,IsMenu,IsSysManage,MenuUrl,SubSystem,IsControl,IsTableControl,IsJsControl,ActionType,Pic,SortNo,IsAvailable,IsDel,AddBy,AddDate,UpdateBy,UpdateDate) values (N'TodayPay',N'当天支付',N'当天支付',N'Pay',2,1,1,N'/Pay/TodayPay',N'red-bg',0,0,0,N'View',N'glyphicon-yen',12,1,0,N'bruce',N'2016-05-25 18:58:34.887',N'bruce',N'2016-05-25 18:58:34.887');
insert into SysRight(ID,RightName,DisplayName,ParentCode,LevelCount,IsMenu,IsSysManage,MenuUrl,SubSystem,IsControl,IsTableControl,IsJsControl,ActionType,Pic,SortNo,IsAvailable,IsDel,AddBy,AddDate,UpdateBy,UpdateDate) values (N'UploadActivityImages',N'上传活动图片',N'上传活动图片',N'ActivityList',3,0,0,N'/CoActivity/UploadActivityImages',N'btn-success',0,1,0,N'Edit',N'fa-upload',15,1,0,N'bruce',N'2013-07-05 15:31:42.137',N'bruce',N'2013-07-05 15:31:42.137');
insert into SysRight(ID,RightName,DisplayName,ParentCode,LevelCount,IsMenu,IsSysManage,MenuUrl,SubSystem,IsControl,IsTableControl,IsJsControl,ActionType,Pic,SortNo,IsAvailable,IsDel,AddBy,AddDate,UpdateBy,UpdateDate) values (N'UploadRestaurantPicture',N'上传餐厅图片',N'上传图片',N'DatingRestaurant',3,0,0,N'/Base/UploadRestaurantPicture',N'btn-info',0,1,0,N'Edit',N'fa-upload',15,1,0,N'bruce',N'2016-05-26 10:50:40.737',N'bruce',N'2016-05-26 10:50:40.737');
insert into SysRight(ID,RightName,DisplayName,ParentCode,LevelCount,IsMenu,IsSysManage,MenuUrl,SubSystem,IsControl,IsTableControl,IsJsControl,ActionType,Pic,SortNo,IsAvailable,IsDel,AddBy,AddDate,UpdateBy,UpdateDate) values (N'UserAdd',N'新增用户',N'新增',N'UserList',3,0,0,N'UserAdd',N'btn-info',1,0,0,N'Add',N'fa-edit',10,1,0,N'bruce',N'2016-05-26 10:50:40.737',N'bruce',N'2016-05-26 10:50:40.737');
insert into SysRight(ID,RightName,DisplayName,ParentCode,LevelCount,IsMenu,IsSysManage,MenuUrl,SubSystem,IsControl,IsTableControl,IsJsControl,ActionType,Pic,SortNo,IsAvailable,IsDel,AddBy,AddDate,UpdateBy,UpdateDate) values (N'UserDel',N'删除用户',N'删除',N'UserList',3,0,0,N'UserDel',N'btn-danger',1,0,0,N'Delete',N'fa-trash',40,1,0,N'bruce',N'2016-05-26 10:50:40.737',N'bruce',N'2016-05-26 10:50:40.737');
insert into SysRight(ID,RightName,DisplayName,ParentCode,LevelCount,IsMenu,IsSysManage,MenuUrl,SubSystem,IsControl,IsTableControl,IsJsControl,ActionType,Pic,SortNo,IsAvailable,IsDel,AddBy,AddDate,UpdateBy,UpdateDate) values (N'UserEdit',N'编辑用户',N'编辑',N'UserList',3,0,0,N'UserEdit',N'btn-info',0,1,0,N'Edit',N'fa-edit',30,1,0,N'bruce',N'2016-05-26 10:50:40.737',N'bruce',N'2016-05-26 10:50:40.737');
insert into SysRight(ID,RightName,DisplayName,ParentCode,LevelCount,IsMenu,IsSysManage,MenuUrl,SubSystem,IsControl,IsTableControl,IsJsControl,ActionType,Pic,SortNo,IsAvailable,IsDel,AddBy,AddDate,UpdateBy,UpdateDate) values (N'UserList',N'用户管理',N'用户管理',N'Sys',2,1,1,N'/Sys/UserList',N'yellow-bg',0,0,0,N'View',N'glyphicon-stats',20,1,0,N'bruce',N'2016-05-26 10:50:40.737',N'bruce',N'2016-05-26 10:50:40.737');
insert into SysRight(ID,RightName,DisplayName,ParentCode,LevelCount,IsMenu,IsSysManage,MenuUrl,SubSystem,IsControl,IsTableControl,IsJsControl,ActionType,Pic,SortNo,IsAvailable,IsDel,AddBy,AddDate,UpdateBy,UpdateDate) values (N'UserRoleSetting',N'角色设置',N'角色设置',N'UserList',3,0,0,N'UserRoleSetting',N'btn-warning',0,1,0,N'Setting',N'fa-gear',25,1,0,N'bruce',N'2016-05-27 18:05:51.787',N'bruce',N'2016-05-27 18:05:51.787');
insert into SysRight(ID,RightName,DisplayName,ParentCode,LevelCount,IsMenu,IsSysManage,MenuUrl,SubSystem,IsControl,IsTableControl,IsJsControl,ActionType,Pic,SortNo,IsAvailable,IsDel,AddBy,AddDate,UpdateBy,UpdateDate) values (N'UserStart',N'启用用户',N'启用',N'UserList',3,0,0,N'UserStart',N'btn-success',1,0,0,N'Publish',N'fa-play',15,1,0,N'bruce',N'2013-07-05 15:31:42.137',N'bruce',N'2013-07-05 15:31:42.137');
insert into SysRight(ID,RightName,DisplayName,ParentCode,LevelCount,IsMenu,IsSysManage,MenuUrl,SubSystem,IsControl,IsTableControl,IsJsControl,ActionType,Pic,SortNo,IsAvailable,IsDel,AddBy,AddDate,UpdateBy,UpdateDate) values (N'UserStop',N'停用用户',N'停用',N'UserList',3,0,0,N'UserStop',N'btn-primary',1,0,0,N'Publish',N'fa-stop',20,1,0,N'bruce',N'2013-07-05 15:31:42.137',N'bruce',N'2013-07-05 15:31:42.137');
insert into SysRight(ID,RightName,DisplayName,ParentCode,LevelCount,IsMenu,IsSysManage,MenuUrl,SubSystem,IsControl,IsTableControl,IsJsControl,ActionType,Pic,SortNo,IsAvailable,IsDel,AddBy,AddDate,UpdateBy,UpdateDate) values (N'VideoApproved',N'保存审批结果',N'保存审批结果',N'VideoReview',3,0,0,N'VideoApproved',N'btn-success',1,0,0,N'Publish',N'fa-play',10,1,0,N'bruce',N'2013-07-05 15:31:42.137',N'bruce',N'2013-07-05 15:31:42.137');
insert into SysRight(ID,RightName,DisplayName,ParentCode,LevelCount,IsMenu,IsSysManage,MenuUrl,SubSystem,IsControl,IsTableControl,IsJsControl,ActionType,Pic,SortNo,IsAvailable,IsDel,AddBy,AddDate,UpdateBy,UpdateDate) values (N'VideoReview',N'视频审核',N'视频审核',N'MemberList',2,1,1,N'/Photo/VideoReview',N'blue-bg',0,0,0,N'View',N'glyphicon-headphones',14,1,0,N'bruce',N'2016-05-25 18:05:19.980',N'bruce',N'2016-05-25 18:05:19.980');
insert into SysRight(ID,RightName,DisplayName,ParentCode,LevelCount,IsMenu,IsSysManage,MenuUrl,SubSystem,IsControl,IsTableControl,IsJsControl,ActionType,Pic,SortNo,IsAvailable,IsDel,AddBy,AddDate,UpdateBy,UpdateDate) values (N'WelCome',N'首页',N'首页',N'root',1,1,1,N'/CMS/Index',N'',0,0,0,N'View',N'fa-th-large',1,1,0,N'',N'2013-02-22 11:41:34.847',N'',N'2013-02-22 11:41:34.847');

insert into SysRole(ID,RoleName,ParentID,HomePage,SysDefined,RoleLevel,SortNo,IsAvailable,IsDel,AddBy,AddDate,UpdateBy,UpdateDate) values (N'0',N'超级管理员',N'root',N'/Admin/Sys/Index',1,0,NULL,1,0,NULL,NULL,NULL,NULL);
insert into SysRole(ID,RoleName,ParentID,HomePage,SysDefined,RoleLevel,SortNo,IsAvailable,IsDel,AddBy,AddDate,UpdateBy,UpdateDate) values (N'10',N'系统管理员',N'0',N'/Admin/Sys/Index',1,1,NULL,1,0,NULL,NULL,NULL,NULL);
insert into SysRole(ID,RoleName,ParentID,HomePage,SysDefined,RoleLevel,SortNo,IsAvailable,IsDel,AddBy,AddDate,UpdateBy,UpdateDate) values (N'30',N'培训管理员',N'10',N'/Admin/Sys/Index',1,2,NULL,1,0,NULL,NULL,NULL,NULL);
insert into SysRole(ID,RoleName,ParentID,HomePage,SysDefined,RoleLevel,SortNo,IsAvailable,IsDel,AddBy,AddDate,UpdateBy,UpdateDate) values (N'40',N'普通用户',N'30',N'/',1,3,NULL,1,0,NULL,NULL,NULL,NULL);


insert into SysRoleRight(ID,RoleCode,RightCode,UpdateBy,UpdateDate) values (N'20160602103020485557478ef04d7daac786',N'10',N'WelCome',N'xindongai',N'2016-06-02 10:30:20.487');
insert into SysRoleRight(ID,RoleCode,RightCode,UpdateBy,UpdateDate) values (N'20160602103020486553835261442b940a8f',N'10',N'MemberManage',N'xindongai',N'2016-06-02 10:30:20.487');
insert into SysRoleRight(ID,RoleCode,RightCode,UpdateBy,UpdateDate) values (N'2016060210302048655383e08d44e28b27d7',N'10',N'MemberList',N'xindongai',N'2016-06-02 10:30:20.487');
insert into SysRoleRight(ID,RoleCode,RightCode,UpdateBy,UpdateDate) values (N'20160602103020486553854d3a444ea6001b',N'10',N'ChatList',N'xindongai',N'2016-06-02 10:30:20.487');
insert into SysRoleRight(ID,RoleCode,RightCode,UpdateBy,UpdateDate) values (N'2016060210302048655386b63f43bca47e63',N'10',N'DatingList',N'xindongai',N'2016-06-02 10:30:20.487');
insert into SysRoleRight(ID,RoleCode,RightCode,UpdateBy,UpdateDate) values (N'2016060210302048655386c60e4a8c805fc5',N'10',N'DatingRecord',N'xindongai',N'2016-06-02 10:30:20.487');
insert into SysRoleRight(ID,RoleCode,RightCode,UpdateBy,UpdateDate) values (N'20160602103020487553913b44437892d794',N'10',N'MemberDocument',N'xindongai',N'2016-06-02 10:30:20.487');
insert into SysRoleRight(ID,RoleCode,RightCode,UpdateBy,UpdateDate) values (N'201606021030204875539168e046cb9c8dfb',N'10',N'PhotoList',N'xindongai',N'2016-06-02 10:30:20.487');
insert into SysRoleRight(ID,RoleCode,RightCode,UpdateBy,UpdateDate) values (N'20160602103020487553969f1d46b386e2ad',N'10',N'CropperPhoto',N'xindongai',N'2016-06-02 10:30:20.487');
insert into SysRoleRight(ID,RoleCode,RightCode,UpdateBy,UpdateDate) values (N'201606021030204875539f620a437e9b1bed',N'10',N'VideoReview',N'xindongai',N'2016-06-02 10:30:20.487');
insert into SysRoleRight(ID,RoleCode,RightCode,UpdateBy,UpdateDate) values (N'201606021030204885548b40b10cb7bb5607',N'10',N'IDPhotoList',N'xindongai',N'2016-06-02 10:30:20.490');
insert into SysRoleRight(ID,RoleCode,RightCode,UpdateBy,UpdateDate) values (N'201606021030204895485304ad08481ca2b6',N'10',N'NewsReview',N'xindongai',N'2016-06-02 10:30:20.490');
insert into SysRoleRight(ID,RoleCode,RightCode,UpdateBy,UpdateDate) values (N'2016060210302048954857c7a55d6ca3ce85',N'10',N'MemberSelfIntroduction',N'xindongai',N'2016-06-02 10:30:20.490');
insert into SysRoleRight(ID,RoleCode,RightCode,UpdateBy,UpdateDate) values (N'2016060210302049054862488ec6127da2ed',N'10',N'PayList',N'xindongai',N'2016-06-02 10:30:20.493');
insert into SysRoleRight(ID,RoleCode,RightCode,UpdateBy,UpdateDate) values (N'201606021030204905486a3e89ef10129eb9',N'10',N'Pay',N'xindongai',N'2016-06-02 10:30:20.490');
insert into SysRoleRight(ID,RoleCode,RightCode,UpdateBy,UpdateDate) values (N'201606021030204905486a4c960448ed6994',N'10',N'TodayPay',N'xindongai',N'2016-06-02 10:30:20.490');
insert into SysRoleRight(ID,RoleCode,RightCode,UpdateBy,UpdateDate) values (N'201606021030204905486ab59fdd144cfa61',N'10',N'SuggestList',N'xindongai',N'2016-06-02 10:30:20.490');
insert into SysRoleRight(ID,RoleCode,RightCode,UpdateBy,UpdateDate) values (N'2016060210302049156329a692fbe144d7cb',N'10',N'UploadActivityImages',N'xindongai',N'2016-06-02 10:30:20.493');
insert into SysRoleRight(ID,RoleCode,RightCode,UpdateBy,UpdateDate) values (N'201606021030204915632ebbb677cfdeabf6',N'10',N'ActivityApplyList',N'xindongai',N'2016-06-02 10:30:20.493');
insert into SysRoleRight(ID,RoleCode,RightCode,UpdateBy,UpdateDate) values (N'201606021030204915632f0baa40f30429d2',N'10',N'NoPayList',N'xindongai',N'2016-06-02 10:30:20.493');
insert into SysRoleRight(ID,RoleCode,RightCode,UpdateBy,UpdateDate) values (N'2016060210303969628634ae796d59ad4442',N'30',N'DatingList',N'xindongai',N'2016-06-02 10:30:39.697');
insert into SysRoleRight(ID,RoleCode,RightCode,UpdateBy,UpdateDate) values (N'2016060210303969628634bdd5c767f747bf',N'30',N'ChatList',N'xindongai',N'2016-06-02 10:30:39.697');
insert into SysRoleRight(ID,RoleCode,RightCode,UpdateBy,UpdateDate) values (N'20160602103039696286389b694e181effcf',N'30',N'MemberList',N'xindongai',N'2016-06-02 10:30:39.697');
insert into SysRoleRight(ID,RoleCode,RightCode,UpdateBy,UpdateDate) values (N'2016060210303969628639afc8bdd44717f4',N'30',N'WelCome',N'xindongai',N'2016-06-02 10:30:39.697');
insert into SysRoleRight(ID,RoleCode,RightCode,UpdateBy,UpdateDate) values (N'201606021030396962863cb33c764e4b0e55',N'30',N'MemberManage',N'xindongai',N'2016-06-02 10:30:39.697');
insert into SysRoleRight(ID,RoleCode,RightCode,UpdateBy,UpdateDate) values (N'201606021030396962863eaa68f05d4bc7b9',N'30',N'DatingRecord',N'xindongai',N'2016-06-02 10:30:39.697');
insert into SysRoleRight(ID,RoleCode,RightCode,UpdateBy,UpdateDate) values (N'2016060210303969726401aa4cd6fd68a3c6',N'30',N'MemberDocument',N'xindongai',N'2016-06-02 10:30:39.697');
insert into SysRoleRight(ID,RoleCode,RightCode,UpdateBy,UpdateDate) values (N'201606021030396972640298cdd37c315ee3',N'30',N'PhotoList',N'xindongai',N'2016-06-02 10:30:39.697');
insert into SysRoleRight(ID,RoleCode,RightCode,UpdateBy,UpdateDate) values (N'201606021030396972640ba6bf288495ec41',N'30',N'CropperPhoto',N'xindongai',N'2016-06-02 10:30:39.697');
insert into SysRoleRight(ID,RoleCode,RightCode,UpdateBy,UpdateDate) values (N'201606021030396972640e8f1efc93d7afeb',N'30',N'IDPhotoList',N'xindongai',N'2016-06-02 10:30:39.697');
insert into SysRoleRight(ID,RoleCode,RightCode,UpdateBy,UpdateDate) values (N'201606021030396972640f8aedf1312aec8f',N'30',N'VideoReview',N'xindongai',N'2016-06-02 10:30:39.697');
insert into SysRoleRight(ID,RoleCode,RightCode,UpdateBy,UpdateDate) values (N'20160602103039698251359863281756a662',N'30',N'MemberSelfIntroduction',N'xindongai',N'2016-06-02 10:30:39.697');
insert into SysRoleRight(ID,RoleCode,RightCode,UpdateBy,UpdateDate) values (N'201606021030396982513ab9bd5423ccfe53',N'30',N'NewsReview',N'xindongai',N'2016-06-02 10:30:39.697');
insert into SysRoleRight(ID,RoleCode,RightCode,UpdateBy,UpdateDate) values (N'201606021030396982513fb92d5a356f4f7c',N'30',N'SuggestList',N'xindongai',N'2016-06-02 10:30:39.697');
insert into SysRoleRight(ID,RoleCode,RightCode,UpdateBy,UpdateDate) values (N'201607061211348191197f93da7644008cd7',N'0',N'WelCome',N'约会专员-Charles??????????1',N'2016-07-06 12:11:34.820');
insert into SysRoleRight(ID,RoleCode,RightCode,UpdateBy,UpdateDate) values (N'201607061211348201203874c1cf408481ae',N'0',N'ChatList',N'约会专员-Charles??????????1',N'2016-07-06 12:11:34.820');
insert into SysRoleRight(ID,RoleCode,RightCode,UpdateBy,UpdateDate) values (N'201607061211348201203bec2d414daea4d1',N'0',N'DatingRecord',N'约会专员-Charles??????????1',N'2016-07-06 12:11:34.820');
insert into SysRoleRight(ID,RoleCode,RightCode,UpdateBy,UpdateDate) values (N'201607061211348201203f56a75d41fb86db',N'0',N'DatingList',N'约会专员-Charles??????????1',N'2016-07-06 12:11:34.820');
insert into SysRoleRight(ID,RoleCode,RightCode,UpdateBy,UpdateDate) values (N'2016070612113482112123fb193048df82ce',N'0',N'MemberList',N'约会专员-Charles??????????1',N'2016-07-06 12:11:34.820');
insert into SysRoleRight(ID,RoleCode,RightCode,UpdateBy,UpdateDate) values (N'2016070612113482112124529d914c008990',N'0',N'MemberDocument',N'约会专员-Charles??????????1',N'2016-07-06 12:11:34.820');
insert into SysRoleRight(ID,RoleCode,RightCode,UpdateBy,UpdateDate) values (N'201607061211348211212a7ff6d44ff38c30',N'0',N'MemberManage',N'约会专员-Charles??????????1',N'2016-07-06 12:11:34.820');
insert into SysRoleRight(ID,RoleCode,RightCode,UpdateBy,UpdateDate) values (N'2016070612113482212177747a2b47c393ea',N'0',N'PhotoApproved',N'约会专员-Charles??????????1',N'2016-07-06 12:11:34.823');
insert into SysRoleRight(ID,RoleCode,RightCode,UpdateBy,UpdateDate) values (N'201607061211348221217b9702354fd58333',N'0',N'PhotoList',N'约会专员-Charles??????????1',N'2016-07-06 12:11:34.823');
insert into SysRoleRight(ID,RoleCode,RightCode,UpdateBy,UpdateDate) values (N'201607061211348221217ef1f1874ba89436',N'0',N'CropperPhoto',N'约会专员-Charles??????????1',N'2016-07-06 12:11:34.823');
insert into SysRoleRight(ID,RoleCode,RightCode,UpdateBy,UpdateDate) values (N'20160706121134823122608af50540fa96a6',N'0',N'VideoReview',N'约会专员-Charles??????????1',N'2016-07-06 12:11:34.823');
insert into SysRoleRight(ID,RoleCode,RightCode,UpdateBy,UpdateDate) values (N'201607061211348231226612ea3543e18385',N'0',N'IDPhotoList',N'约会专员-Charles??????????1',N'2016-07-06 12:11:34.823');
insert into SysRoleRight(ID,RoleCode,RightCode,UpdateBy,UpdateDate) values (N'201607061211348231226cd15b4044daace7',N'0',N'VideoApproved',N'约会专员-Charles??????????1',N'2016-07-06 12:11:34.823');
insert into SysRoleRight(ID,RoleCode,RightCode,UpdateBy,UpdateDate) values (N'201607061211348231226e6cacec4dbe9fb1',N'0',N'IDPhotoApproved',N'约会专员-Charles??????????1',N'2016-07-06 12:11:34.823');
insert into SysRoleRight(ID,RoleCode,RightCode,UpdateBy,UpdateDate) values (N'201607061211348241231166cc03477eafdf',N'0',N'MemberSelfIntroduction',N'约会专员-Charles??????????1',N'2016-07-06 12:11:34.823');
insert into SysRoleRight(ID,RoleCode,RightCode,UpdateBy,UpdateDate) values (N'20160706121134824123162d2a924b35b23d',N'0',N'SelfIntroductionApproved',N'约会专员-Charles??????????1',N'2016-07-06 12:11:34.823');
insert into SysRoleRight(ID,RoleCode,RightCode,UpdateBy,UpdateDate) values (N'20160706121134825124064769734301991a',N'0',N'SelfIntroductionUnApproved',N'约会专员-Charles??????????1',N'2016-07-06 12:11:34.827');
insert into SysRoleRight(ID,RoleCode,RightCode,UpdateBy,UpdateDate) values (N'20160706121134825124076185aa48cb92b0',N'0',N'NewsReview',N'约会专员-Charles??????????1',N'2016-07-06 12:11:34.827');
insert into SysRoleRight(ID,RoleCode,RightCode,UpdateBy,UpdateDate) values (N'2016070612113482612452599d054bc39307',N'0',N'SuggestList',N'约会专员-Charles??????????1',N'2016-07-06 12:11:34.827');
insert into SysRoleRight(ID,RoleCode,RightCode,UpdateBy,UpdateDate) values (N'2016070612113482712543620da64ac89263',N'0',N'TodayPay',N'约会专员-Charles??????????1',N'2016-07-06 12:11:34.827');
insert into SysRoleRight(ID,RoleCode,RightCode,UpdateBy,UpdateDate) values (N'201607061211348271254864d1de44c48738',N'0',N'Pay',N'约会专员-Charles??????????1',N'2016-07-06 12:11:34.827');
insert into SysRoleRight(ID,RoleCode,RightCode,UpdateBy,UpdateDate) values (N'20160706121134828144623b75b3460fbba7',N'0',N'PayList',N'约会专员-Charles??????????1',N'2016-07-06 12:11:34.827');
insert into SysRoleRight(ID,RoleCode,RightCode,UpdateBy,UpdateDate) values (N'201607061211348281446acca33d4581b528',N'0',N'NoPayList',N'约会专员-Charles??????????1',N'2016-07-06 12:11:34.827');
insert into SysRoleRight(ID,RoleCode,RightCode,UpdateBy,UpdateDate) values (N'2016070612113482914598abaa694afdbe65',N'0',N'SetList',N'约会专员-Charles??????????1',N'2016-07-06 12:11:34.830');
insert into SysRoleRight(ID,RoleCode,RightCode,UpdateBy,UpdateDate) values (N'201607061211348291459f218cdf409e8edb',N'0',N'SetAdd',N'约会专员-Charles??????????1',N'2016-07-06 12:11:34.830');
insert into SysRoleRight(ID,RoleCode,RightCode,UpdateBy,UpdateDate) values (N'201607061211348291459f9336ae40bd88c4',N'0',N'BaseData',N'约会专员-Charles??????????1',N'2016-07-06 12:11:34.830');
insert into SysRoleRight(ID,RoleCode,RightCode,UpdateBy,UpdateDate) values (N'20160706121134830146095941ea4322bc08',N'0',N'SetEdit',N'约会专员-Charles??????????1',N'2016-07-06 12:11:34.830');
insert into SysRoleRight(ID,RoleCode,RightCode,UpdateBy,UpdateDate) values (N'201607061211348301460de4c61944f9adb1',N'0',N'SetDelete',N'约会专员-Charles??????????1',N'2016-07-06 12:11:34.830');
insert into SysRoleRight(ID,RoleCode,RightCode,UpdateBy,UpdateDate) values (N'2016070612113483114123f9bc6c409195eb',N'0',N'SetDtl',N'约会专员-Charles??????????1',N'2016-07-06 12:11:34.830');
insert into SysRoleRight(ID,RoleCode,RightCode,UpdateBy,UpdateDate) values (N'201607061211348311412ef8903f4237ab5a',N'0',N'SetDtlAdd',N'约会专员-Charles??????????1',N'2016-07-06 12:11:34.830');
insert into SysRoleRight(ID,RoleCode,RightCode,UpdateBy,UpdateDate) values (N'201607061211348321421771c0ee4f65b664',N'0',N'SetDtlDelete',N'约会专员-Charles??????????1',N'2016-07-06 12:11:34.833');
insert into SysRoleRight(ID,RoleCode,RightCode,UpdateBy,UpdateDate) values (N'201607061211348321421a44d8c24d04a56a',N'0',N'SetDtlEdit',N'约会专员-Charles??????????1',N'2016-07-06 12:11:34.833');
insert into SysRoleRight(ID,RoleCode,RightCode,UpdateBy,UpdateDate) values (N'201607061211348321421b23586845a7a3a5',N'0',N'SetDtlRealDelete',N'约会专员-Charles??????????1',N'2016-07-06 12:11:34.833');
insert into SysRoleRight(ID,RoleCode,RightCode,UpdateBy,UpdateDate) values (N'2016070612113483314303ff91134beab9f8',N'0',N'ActivityAdd',N'约会专员-Charles??????????1',N'2016-07-06 12:11:34.833');
insert into SysRoleRight(ID,RoleCode,RightCode,UpdateBy,UpdateDate) values (N'2016070612113483314309812d7c465ca4e7',N'0',N'ActivityList',N'约会专员-Charles??????????1',N'2016-07-06 12:11:34.833');
insert into SysRoleRight(ID,RoleCode,RightCode,UpdateBy,UpdateDate) values (N'20160706121134834143924499875a9601cc',N'0',N'UploadActivityImages',N'约会专员-Charles??????????1',N'2016-07-06 12:11:34.833');
insert into SysRoleRight(ID,RoleCode,RightCode,UpdateBy,UpdateDate) values (N'2016070612113483414393450192631c2ee7',N'0',N'ActivityEdit',N'约会专员-Charles??????????1',N'2016-07-06 12:11:34.833');
insert into SysRoleRight(ID,RoleCode,RightCode,UpdateBy,UpdateDate) values (N'20160706121134835131104f86898f809fe1',N'0',N'ActivityDelete',N'约会专员-Charles??????????1',N'2016-07-06 12:11:34.837');
insert into SysRoleRight(ID,RoleCode,RightCode,UpdateBy,UpdateDate) values (N'2016070612113483513112473fba621f6fc3',N'0',N'ActivityApplyList',N'约会专员-Charles??????????1',N'2016-07-06 12:11:34.837');
insert into SysRoleRight(ID,RoleCode,RightCode,UpdateBy,UpdateDate) values (N'201607061211348361317947f184d7710f39',N'0',N'APPInfo',N'约会专员-Charles??????????1',N'2016-07-06 12:11:34.837');
insert into SysRoleRight(ID,RoleCode,RightCode,UpdateBy,UpdateDate) values (N'201607061211348371326346d3b5a3d3fa2d',N'0',N'APPInfoAdd',N'约会专员-Charles??????????1',N'2016-07-06 12:11:34.837');
insert into SysRoleRight(ID,RoleCode,RightCode,UpdateBy,UpdateDate) values (N'201607061211348371326e4df2924661b380',N'0',N'APPInfoEdit',N'约会专员-Charles??????????1',N'2016-07-06 12:11:34.837');
insert into SysRoleRight(ID,RoleCode,RightCode,UpdateBy,UpdateDate) values (N'2016070612113483813352431ab0c1033adc',N'0',N'APPInfoStartStop',N'约会专员-Charles??????????1',N'2016-07-06 12:11:34.837');
insert into SysRoleRight(ID,RoleCode,RightCode,UpdateBy,UpdateDate) values (N'201607061211348391526c44b3be639372da',N'0',N'AppInfoDelete',N'约会专员-Charles??????????1',N'2016-07-06 12:11:34.840');
insert into SysRoleRight(ID,RoleCode,RightCode,UpdateBy,UpdateDate) values (N'201607061211348391526e41229e00fb3b98',N'0',N'DatingRestaurant',N'约会专员-Charles??????????1',N'2016-07-06 12:11:34.840');
insert into SysRoleRight(ID,RoleCode,RightCode,UpdateBy,UpdateDate) values (N'201607061211348401531349508917970c80',N'0',N'UploadRestaurantPicture',N'约会专员-Charles??????????1',N'2016-07-06 12:11:34.840');
insert into SysRoleRight(ID,RoleCode,RightCode,UpdateBy,UpdateDate) values (N'201607061211348401531f457a8a29c3c9f3',N'0',N'RestaurantAdd',N'约会专员-Charles??????????1',N'2016-07-06 12:11:34.840');
insert into SysRoleRight(ID,RoleCode,RightCode,UpdateBy,UpdateDate) values (N'201607061211348411541442bca6b91a6cfb',N'0',N'RestaurantEdit',N'约会专员-Charles??????????1',N'2016-07-06 12:11:34.840');
insert into SysRoleRight(ID,RoleCode,RightCode,UpdateBy,UpdateDate) values (N'201607061211348411541748cda0a95e59fc',N'0',N'RestaurantDelete',N'约会专员-Charles??????????1',N'2016-07-06 12:11:34.840');
insert into SysRoleRight(ID,RoleCode,RightCode,UpdateBy,UpdateDate) values (N'2016070612113484214895403b9775454dd8',N'0',N'AdAdd',N'约会专员-Charles??????????1',N'2016-07-06 12:11:34.843');
insert into SysRoleRight(ID,RoleCode,RightCode,UpdateBy,UpdateDate) values (N'20160706121134842148984e968b6cfb0d02',N'0',N'AdList',N'约会专员-Charles??????????1',N'2016-07-06 12:11:34.843');
insert into SysRoleRight(ID,RoleCode,RightCode,UpdateBy,UpdateDate) values (N'201607061211348431498a466b8bddb55142',N'0',N'AdEdit',N'约会专员-Charles??????????1',N'2016-07-06 12:11:34.843');
insert into SysRoleRight(ID,RoleCode,RightCode,UpdateBy,UpdateDate) values (N'201607061211348431498b44e7ae02eda389',N'0',N'AdDelete',N'约会专员-Charles??????????1',N'2016-07-06 12:11:34.843');
insert into SysRoleRight(ID,RoleCode,RightCode,UpdateBy,UpdateDate) values (N'20160706121134844150354c659ac4be4adf',N'0',N'AppVersionList',N'约会专员-Charles??????????1',N'2016-07-06 12:11:34.843');
insert into SysRoleRight(ID,RoleCode,RightCode,UpdateBy,UpdateDate) values (N'201607061211348441503d4272a00a55aeb8',N'0',N'AppVersionAdd',N'约会专员-Charles??????????1',N'2016-07-06 12:11:34.843');
insert into SysRoleRight(ID,RoleCode,RightCode,UpdateBy,UpdateDate) values (N'20160706121134845151644c59b1ac713d7e',N'0',N'AppVersionEdit',N'约会专员-Charles??????????1',N'2016-07-06 12:11:34.847');
insert into SysRoleRight(ID,RoleCode,RightCode,UpdateBy,UpdateDate) values (N'201607061211348461517045939e5ab66a23',N'0',N'AppVersionDelete',N'约会专员-Charles??????????1',N'2016-07-06 12:11:34.847');
insert into SysRoleRight(ID,RoleCode,RightCode,UpdateBy,UpdateDate) values (N'2016070612113484615175423f8b17e2456c',N'0',N'Statistic',N'约会专员-Charles??????????1',N'2016-07-06 12:11:34.847');
insert into SysRoleRight(ID,RoleCode,RightCode,UpdateBy,UpdateDate) values (N'20160706121134847153034ee3ac05767754',N'0',N'Sys',N'约会专员-Charles??????????1',N'2016-07-06 12:11:34.847');
insert into SysRoleRight(ID,RoleCode,RightCode,UpdateBy,UpdateDate) values (N'20160706121134847153094872a833baac31',N'0',N'Statisticalinfor',N'约会专员-Charles??????????1',N'2016-07-06 12:11:34.847');
insert into SysRoleRight(ID,RoleCode,RightCode,UpdateBy,UpdateDate) values (N'2016070612113484815350440faee1c57540',N'0',N'RoleAdd',N'约会专员-Charles??????????1',N'2016-07-06 12:11:34.847');
insert into SysRoleRight(ID,RoleCode,RightCode,UpdateBy,UpdateDate) values (N'20160706121134848153594f0999379c9d8c',N'0',N'RoleList',N'约会专员-Charles??????????1',N'2016-07-06 12:11:34.847');
insert into SysRoleRight(ID,RoleCode,RightCode,UpdateBy,UpdateDate) values (N'201607061211348491541aea04799b58b06f',N'0',N'RoleSetup',N'约会专员-Charles??????????1',N'2016-07-06 12:11:34.850');
insert into SysRoleRight(ID,RoleCode,RightCode,UpdateBy,UpdateDate) values (N'20160706121134850155318024798a784df8',N'0',N'RoleEdit',N'约会专员-Charles??????????1',N'2016-07-06 12:11:34.850');
insert into SysRoleRight(ID,RoleCode,RightCode,UpdateBy,UpdateDate) values (N'201607061211348501553201d474eb17b5d8',N'0',N'RoleDel',N'约会专员-Charles??????????1',N'2016-07-06 12:11:34.850');
insert into SysRoleRight(ID,RoleCode,RightCode,UpdateBy,UpdateDate) values (N'2016070612113485115511f8e406abc2131c',N'0',N'UserList',N'约会专员-Charles??????????1',N'2016-07-06 12:11:34.850');
insert into SysRoleRight(ID,RoleCode,RightCode,UpdateBy,UpdateDate) values (N'201607061211348511551c1c64655becb73b',N'0',N'UserAdd',N'约会专员-Charles??????????1',N'2016-07-06 12:11:34.850');
insert into SysRoleRight(ID,RoleCode,RightCode,UpdateBy,UpdateDate) values (N'20160706121134852156049b8458790f3b3e',N'0',N'UserStart',N'约会专员-Charles??????????1',N'2016-07-06 12:11:34.853');
insert into SysRoleRight(ID,RoleCode,RightCode,UpdateBy,UpdateDate) values (N'2016070612113485315737f824deb847ff8e',N'0',N'UserRoleSetting',N'约会专员-Charles??????????1',N'2016-07-06 12:11:34.853');
insert into SysRoleRight(ID,RoleCode,RightCode,UpdateBy,UpdateDate) values (N'201607061211348531573da1c4b70847f888',N'0',N'UserStop',N'约会专员-Charles??????????1',N'2016-07-06 12:11:34.853');
insert into SysRoleRight(ID,RoleCode,RightCode,UpdateBy,UpdateDate) values (N'20160706121134854158215c344318a9aab3',N'0',N'UserEdit',N'约会专员-Charles??????????1',N'2016-07-06 12:11:34.853');
insert into SysRoleRight(ID,RoleCode,RightCode,UpdateBy,UpdateDate) values (N'201607061211348551454340544f3adff566',N'0',N'UserDel',N'约会专员-Charles??????????1',N'2016-07-06 12:11:34.857');
insert into SysRoleRight(ID,RoleCode,RightCode,UpdateBy,UpdateDate) values (N'20160706121134855145476d549f48c22a4d',N'0',N'SysRightList',N'约会专员-Charles??????????1',N'2016-07-06 12:11:34.857');
insert into SysRoleRight(ID,RoleCode,RightCode,UpdateBy,UpdateDate) values (N'201607061211348561459f42449bda5de1ce',N'0',N'SysRightEdit',N'约会专员-Charles??????????1',N'2016-07-06 12:11:34.857');


insert into SysDictCode(ID,ParentID,DictName,Description,DictValue,SysDefined,Level,SortNo,IsAvailable,IsDel,AddBy,AddDate,UpdateBy,UpdateDate) values (N'ActionType',N'root',N'操作类型',N'系统功能的操作类型',N'',1,0,0,1,0,N'',N'2013-02-22 11:41:34.207',N'',N'2013-02-22 11:41:34.207');
insert into SysDictCode(ID,ParentID,DictName,Description,DictValue,SysDefined,Level,SortNo,IsAvailable,IsDel,AddBy,AddDate,UpdateBy,UpdateDate) values (N'Add',N'ActionType',N'新增',N'新增',N'',1,1,10,1,0,N'',N'2013-02-22 11:41:34.207',N'',N'2013-02-22 11:41:34.207');
insert into SysDictCode(ID,ParentID,DictName,Description,DictValue,SysDefined,Level,SortNo,IsAvailable,IsDel,AddBy,AddDate,UpdateBy,UpdateDate) values (N'Back',N'ActionType',N'返回',N'返回',N'',1,1,99,1,0,N'',N'2013-02-22 11:41:34.207',N'',N'2013-02-22 11:41:34.207');
insert into SysDictCode(ID,ParentID,DictName,Description,DictValue,SysDefined,Level,SortNo,IsAvailable,IsDel,AddBy,AddDate,UpdateBy,UpdateDate) values (N'Delete',N'ActionType',N'删除',N'删除',N'',1,1,25,1,0,N'',N'2013-02-22 11:41:34.207',N'',N'2013-02-22 11:41:34.207');
insert into SysDictCode(ID,ParentID,DictName,Description,DictValue,SysDefined,Level,SortNo,IsAvailable,IsDel,AddBy,AddDate,UpdateBy,UpdateDate) values (N'Edit',N'ActionType',N'编辑',N'编辑',N'',1,1,15,1,0,N'',N'2013-02-22 11:41:34.207',N'',N'2013-02-22 11:41:34.207');
insert into SysDictCode(ID,ParentID,DictName,Description,DictValue,SysDefined,Level,SortNo,IsAvailable,IsDel,AddBy,AddDate,UpdateBy,UpdateDate) values (N'Export',N'ActionType',N'导出',N'导出',N'',1,1,50,1,0,N'',N'2013-02-22 11:41:34.207',N'',N'2013-02-22 11:41:34.207');
insert into SysDictCode(ID,ParentID,DictName,Description,DictValue,SysDefined,Level,SortNo,IsAvailable,IsDel,AddBy,AddDate,UpdateBy,UpdateDate) values (N'Import',N'ActionType',N'导入',N'导入',N'',1,1,45,1,0,N'',N'2013-02-22 11:41:34.207',N'',N'2013-02-22 11:41:34.207');
insert into SysDictCode(ID,ParentID,DictName,Description,DictValue,SysDefined,Level,SortNo,IsAvailable,IsDel,AddBy,AddDate,UpdateBy,UpdateDate) values (N'Insert',N'ActionType',N'添加/插入',N'添加/插入',N'',1,1,6,1,0,N'',N'2013-02-22 11:41:34.207',N'',N'2013-02-22 11:41:34.207');
insert into SysDictCode(ID,ParentID,DictName,Description,DictValue,SysDefined,Level,SortNo,IsAvailable,IsDel,AddBy,AddDate,UpdateBy,UpdateDate) values (N'Merge',N'ActionType',N'合并',N'合并',N'',1,1,7,1,0,N'',N'2013-02-22 11:41:34.207',N'',N'2013-02-22 11:41:34.207');
insert into SysDictCode(ID,ParentID,DictName,Description,DictValue,SysDefined,Level,SortNo,IsAvailable,IsDel,AddBy,AddDate,UpdateBy,UpdateDate) values (N'Publish',N'ActionType',N'审批',N'审批通过',N'',1,1,35,1,0,N'',N'2013-02-22 11:41:34.207',N'',N'2013-02-22 11:41:34.207');
insert into SysDictCode(ID,ParentID,DictName,Description,DictValue,SysDefined,Level,SortNo,IsAvailable,IsDel,AddBy,AddDate,UpdateBy,UpdateDate) values (N'Recover',N'ActionType',N'恢复',N'恢复',N'',1,1,30,1,0,N'',N'2013-02-22 11:41:34.207',N'',N'2013-02-22 11:41:34.207');
insert into SysDictCode(ID,ParentID,DictName,Description,DictValue,SysDefined,Level,SortNo,IsAvailable,IsDel,AddBy,AddDate,UpdateBy,UpdateDate) values (N'Setting',N'ActionType',N'设置',N'设置',N'',1,1,9,1,0,N'',N'2013-02-22 11:41:34.207',N'',N'2013-02-22 11:41:34.207');
insert into SysDictCode(ID,ParentID,DictName,Description,DictValue,SysDefined,Level,SortNo,IsAvailable,IsDel,AddBy,AddDate,UpdateBy,UpdateDate) values (N'Top',N'ActionType',N'置顶',N'置顶',NULL,1,1,25,1,0,NULL,N'2013-03-26 14:32:30.697',NULL,N'2013-03-26 14:32:30.697');
insert into SysDictCode(ID,ParentID,DictName,Description,DictValue,SysDefined,Level,SortNo,IsAvailable,IsDel,AddBy,AddDate,UpdateBy,UpdateDate) values (N'UnPublish',N'ActionType',N'审批不通过',N'审批不通过',N'',1,1,40,1,0,N'',N'2013-02-22 11:41:34.207',N'',N'2013-02-22 11:41:34.207');
insert into SysDictCode(ID,ParentID,DictName,Description,DictValue,SysDefined,Level,SortNo,IsAvailable,IsDel,AddBy,AddDate,UpdateBy,UpdateDate) values (N'UnRecommend',N'ActionType',N'取消推荐',N'取消推荐',NULL,1,1,45,1,0,NULL,N'2013-03-26 14:32:30.697',NULL,N'2013-03-26 14:32:30.697');
insert into SysDictCode(ID,ParentID,DictName,Description,DictValue,SysDefined,Level,SortNo,IsAvailable,IsDel,AddBy,AddDate,UpdateBy,UpdateDate) values (N'UnTop',N'ActionType',N'取消置顶',N'取消置顶',NULL,1,1,50,1,0,NULL,N'2013-03-26 14:32:30.713',NULL,N'2013-03-26 14:32:30.713');
insert into SysDictCode(ID,ParentID,DictName,Description,DictValue,SysDefined,Level,SortNo,IsAvailable,IsDel,AddBy,AddDate,UpdateBy,UpdateDate) values (N'View',N'ActionType',N'查看/预览',N'查看/预览',N'',1,1,1,1,0,N'',N'2013-02-22 11:41:34.207',N'',N'2013-02-22 11:41:34.207');

insert into SysRoleUser(ID,RoleCode,UserCode,UpdateBy,UpdateDate) values (N'20160530103056586477323a487fbc494948',N'0','B3824C0B-05E7-4424-83E7-69A686178C08',N'xindongai',N'2016-05-30 10:30:56.587');
insert into SysRoleUser(ID,RoleCode,UserCode,UpdateBy,UpdateDate) values (N'2016053010305658647738c74c6da19cfdd8',N'10','B3824C0B-05E7-4424-83E7-69A686178C08',N'xindongai',N'2016-05-30 10:30:56.587');
insert into SysRoleUser(ID,RoleCode,UserCode,UpdateBy,UpdateDate) values (N'201605301030565864773cf746c281795cd4',N'30','B3824C0B-05E7-4424-83E7-69A686178C08',N'xindongai',N'2016-05-30 10:30:56.587');
insert into SysRoleUser(ID,RoleCode,UserCode,UpdateBy,UpdateDate) values (N'2016053010305658747529a64966a2e6b638',N'40','B3824C0B-05E7-4424-83E7-69A686178C08',N'xindongai',N'2016-05-30 10:30:56.587');

